{
  "2": {
    "train_loss": [
      0.40460095746090186, 0.341630726103517, 0.325572385796746, 0.3157705001160784, 0.30876082724884535,
      0.3032481491261727, 0.2988377361290457, 0.2953218917044759, 0.292488500838303, 0.2900647991603539
    ],
    "test_loss": [
      0.4104537485933004, 0.38051611833803156, 0.3719797983415267, 0.3667690666353183, 0.36398625331720064,
      0.3635931914598387, 0.36426220808289544, 0.36333563121620144, 0.36251375596839425, 0.36356149989745307
    ],
    "train_accuracy": [
      0.8809833333333333, 0.9016333333333333, 0.9059666666666667, 0.9094666666666666, 0.9113666666666667, 0.91305,
      0.9146833333333333, 0.9157833333333333, 0.9168, 0.9174
    ],
    "test_accuracy": [0.8807, 0.8928, 0.8961, 0.8982, 0.899, 0.8988, 0.9002, 0.9005, 0.9019, 0.9019]
  },
  "4": {
    "train_loss": [
      0.36772139737586523, 0.2143464568638687, 0.1811028452073486, 0.1629036204877581, 0.15009332204054454,
      0.14179098366386161, 0.13593352125667169, 0.13333864690474245, 0.12880469224921134, 0.1248972802048225
    ],
    "test_loss": [
      0.2584898207694455, 0.23382172352890984, 0.2614770193044489, 0.2377440525548881, 0.22614706284007016,
      0.21096290763292974, 0.2657756103186171, 0.23861120406071204, 0.23774737400087884, 0.22788547994901154
    ],
    "train_accuracy": [
      0.8857, 0.9355, 0.9459, 0.951, 0.9561666666666667, 0.9576166666666667, 0.95915, 0.9600166666666666,
      0.9615166666666667, 0.96225
    ],
    "test_accuracy": [0.9211, 0.9296, 0.9272, 0.9302, 0.9371, 0.9404, 0.9274, 0.9403, 0.9391, 0.9436]
  },
  "8": {
    "train_loss": [
      0.8511463476589486, 0.34177679591457266, 0.2531923896490318, 0.21669906994596388, 0.19601031492812038,
      0.1820117795290921, 0.1726951753693743, 0.16192763212913286, 0.15628727048991048, 0.15044218066499448
    ],
    "test_loss": [
      0.4753807105256519, 0.31520893933353183, 0.2501911360022251, 0.21551789233641722, 0.2037435746354073,
      0.21079043486273805, 0.18454098780506245, 0.20540632117572521, 0.18524338650242056, 0.18698677945955122
    ],
    "train_accuracy": [
      0.7195666666666667, 0.9027666666666667, 0.9286833333333333, 0.9386833333333333, 0.94345, 0.94865,
      0.9513166666666667, 0.9540333333333333, 0.9559833333333333, 0.9572
    ],
    "test_accuracy": [0.8675, 0.9132, 0.9292, 0.9384, 0.9424, 0.9425, 0.9489, 0.9458, 0.9498, 0.9502]
  }
}
