{"32": {"train_loss": [0.850056924013764, 0.4126733999496291, 0.3330678466884833, 0.2890815593602407, 0.2626406675962975, 0.24033070533071513, 0.223832248969057, 0.214749454456761, 0.20457169476457887, 0.19630409700384677], "test_loss": [0.5052646089402874, 0.3816616508851365, 0.3377412843118932, 0.33049198929123647, 0.29041648920695595, 0.25136295217727267, 0.2622959114064281, 0.2466344241500654, 0.2386409543829197, 0.24981014734507218], "train_accuracy": [0.7167166666666667, 0.8789333333333333, 0.9032666666666667, 0.9163833333333333, 0.9248666666666666, 0.93055, 0.9360166666666667, 0.9382, 0.9409, 0.9422666666666667], "test_accuracy": [0.8488, 0.8888, 0.9022, 0.9046, 0.9162, 0.9311, 0.926, 0.9283, 0.9307, 0.9271]}, "128": {"train_loss": [0.6356924348253473, 0.2829390529777047, 0.21833923392810772, 0.18545128317010934, 0.16304916314113121, 0.1462614389167265, 0.13589482247362514, 0.12796356573533965, 0.12058415326642813, 0.1156368983550921], "test_loss": [0.36772671532196105, 0.25424301334047184, 0.26521987734484276, 0.22641407491320134, 0.1621398065590011, 0.18930860905352137, 0.1786118681426261, 0.16799804684300915, 0.16623979622815932, 0.15730753320240032], "train_accuracy": [0.79865, 0.9215666666666666, 0.9392166666666667, 0.94845, 0.9541833333333334, 0.9589833333333333, 0.9630833333333333, 0.9644833333333334, 0.96635, 0.9682], "test_accuracy": [0.8989, 0.9291, 0.9207, 0.9374, 0.9553, 0.9518, 0.9529, 0.9556, 0.9585, 0.9593]}, "512": {"train_loss": [0.5139206910441674, 0.26506625719830246, 0.21653474063570033, 0.19685322143060063, 0.18238741045045317, 0.17739561459965433, 0.1836231986863474, 0.18005939321089265, 0.18670636897518392, 0.20270088640784775], "test_loss": [0.3490993656805835, 0.2296315867975278, 0.2339701850616969, 0.258609726439691, 0.25122413482650674, 0.20635313371896208, 0.28885368249570453, 0.21571674300393043, 0.30734355935168356, 0.3058056738869387], "train_accuracy": [0.8437166666666667, 0.9271166666666667, 0.9422333333333334, 0.9505, 0.9544833333333334, 0.95535, 0.9571166666666666, 0.9569, 0.95605, 0.9533166666666667], "test_accuracy": [0.9089, 0.9364, 0.9396, 0.9375, 0.9452, 0.9536, 0.9272, 0.9551, 0.9334, 0.9254]}}