{"ReLU()": {"train_loss": [0.5733584425121354, 0.25403618512299225, 0.19988180978615555, 0.17177460158491512, 0.15495061788482736, 0.14258815670589828, 0.1330388685751463, 0.12580272140175114, 0.11999395391364297, 0.11371284473592098], "test_loss": [0.3514723168134855, 0.2176424372962234, 0.19496725532826742, 0.21484584549536545, 0.2648408534703234, 0.2131492499866504, 0.20002271276338032, 0.20448585622623844, 0.22293659728652884, 0.21571522875101729], "train_accuracy": [0.8166833333333333, 0.9270666666666667, 0.9438166666666666, 0.9516666666666667, 0.9571833333333334, 0.9603833333333334, 0.9626666666666667, 0.9654333333333334, 0.9664666666666667, 0.9685833333333334], "test_accuracy": [0.8963, 0.939, 0.9451, 0.9413, 0.9283, 0.9444, 0.9499, 0.9459, 0.9499, 0.95]}, "Sigmoid()": {"train_loss": [2.0153330062965553, 1.6629921513259411, 1.3428713562257588, 1.1672754357920339, 1.0929237298909575, 1.0268257332416872, 0.9746690337076472, 0.9388605089064377, 0.8998818691388704, 0.802233580281958], "test_loss": [1.9223929247260094, 1.4477151695489883, 1.2176202237814664, 1.1022057563602925, 1.038869522870332, 1.0172545598387719, 0.9554502123191952, 1.0043349948830902, 0.870009451629594, 0.8274363815987482], "train_accuracy": [0.18841666666666668, 0.32216666666666666, 0.43083333333333335, 0.5263333333333333, 0.5714, 0.6140833333333333, 0.6316833333333334, 0.65105, 0.6918833333333333, 0.7706166666666666], "test_accuracy": [0.1953, 0.3899, 0.5087, 0.5519, 0.6116, 0.6166, 0.6388, 0.6446, 0.7323, 0.7532]}, "Tanh()": {"train_loss": [0.7888750619380734, 0.46389027866857746, 0.40687998162625977, 0.3798805011195674, 0.35334783805605646, 0.3461490184021648, 0.3227848583822139, 0.31664775817643775, 0.3087355895187822, 0.3003215559114741], "test_loss": [0.5243296907663345, 0.4697322420241311, 0.4270183740634471, 0.38476796779865396, 0.36286829515839925, 0.3230553905369714, 0.3504842216812074, 0.3417422365773469, 0.2947185581421945, 0.3053090349799721], "train_accuracy": [0.7768166666666667, 0.8722166666666666, 0.8860333333333333, 0.8933666666666666, 0.8999166666666667, 0.9002833333333333, 0.90785, 0.90815, 0.9100333333333334, 0.9132666666666667], "test_accuracy": [0.8585, 0.8644, 0.8802, 0.891, 0.897, 0.9094, 0.9005, 0.9024, 0.916, 0.9135]}, "LeakyReLU(negative_slope=0.01)": {"train_loss": [0.6447167373449602, 0.3162083104395037, 0.23883950464675205, 0.19806806123385853, 0.1721176701007258, 0.15584931331619445, 0.14229109299056222, 0.1341632192604628, 0.12936724675832817, 0.12373080639929512], "test_loss": [0.4503470658505775, 0.25711532173053364, 0.2613887837335582, 0.19510206180834525, 0.20186369348222657, 0.20497123973275092, 0.2366016239426257, 0.19143947872197858, 0.1985209376508707, 0.22794362561945836], "train_accuracy": [0.7930833333333334, 0.9127166666666666, 0.9353166666666667, 0.9453, 0.9529666666666666, 0.9574833333333334, 0.9612166666666667, 0.9633333333333334, 0.9651166666666666, 0.9665666666666667], "test_accuracy": [0.8772, 0.932, 0.9314, 0.9483, 0.945, 0.9468, 0.9393, 0.953, 0.9496, 0.9467]}}