{
  "32": {
    "train_loss": [
      1.2463904455661774, 0.6840918514490127, 0.4920044441759586, 0.3958370506723722, 0.32975431190083426,
      0.28012537558252615, 0.2409866138741374, 0.2132086655014505, 0.19312299347743392, 0.17784484942903123
    ],
    "test_loss": [
      0.818295324572359, 0.5562137912113827, 0.43756483492855064, 0.37583769283915003, 0.3261949523685339,
      0.28652218882940683, 0.255550272832699, 0.2286580499446097, 0.20732503274779993, 0.20431147996275226
    ],
    "train_accuracy": [
      0.5357666666666666, 0.7775166666666666, 0.8528666666666667, 0.8847833333333334, 0.9042666666666667,
      0.9190166666666667, 0.9304666666666667, 0.9383166666666667, 0.9432, 0.9474333333333333
    ],
    "test_accuracy": [
      0.7223442492012779, 0.8279752396166135, 0.8692092651757188, 0.8863817891373802, 0.9032547923322684,
      0.9160343450479234, 0.9242212460063898, 0.9307108626198083, 0.9388977635782748, 0.9409944089456869
    ]
  },
  "128": {
    "train_loss": [
      0.14944569266506477, 0.14293615730491274, 0.13907965569933659, 0.13485404609966634, 0.13089356145092737,
      0.12671939979619118, 0.12243101740680905, 0.11834695728928614, 0.1145587706052736, 0.11082496992878314
    ],
    "test_loss": [
      0.16351474789737525, 0.16211420310885186, 0.16207823744986818, 0.15972469413146093, 0.15729638287219913,
      0.15529588861626725, 0.1532535435826388, 0.15042830661935377, 0.14847457348192228, 0.14784429877955182
    ],
    "train_accuracy": [
      0.9560179016483363, 0.9574004975971637, 0.9584832534607031, 0.9600157694521744, 0.9607653696653939,
      0.9622145967442852, 0.9637137971707245, 0.9650963931195518, 0.966462331285863, 0.9671508528784648
    ],
    "test_accuracy": [
      0.9533227848101266, 0.9521360759493671, 0.952432753164557, 0.9533227848101266, 0.9545094936708861,
      0.9553995253164557, 0.9565862341772152, 0.957871835443038, 0.9580696202531646, 0.9588607594936709
    ]
  },
  "512": {
    "train_loss": [
      0.10204565525054932, 0.09877967714505681, 0.09732457739695655, 0.096106578927424, 0.09499320772997404,
      0.09387766569852829, 0.09281181673503529, 0.09172848350036952, 0.09055125236637511, 0.0894467667124029
    ],
    "test_loss": [
      0.14545250087976455, 0.14456880912184716, 0.1439731242135167, 0.1435306156054139, 0.14322592709213494,
      0.14297284167259933, 0.14251363631337882, 0.14252030476927757, 0.14229366965591908, 0.14231813792139292
    ],
    "train_accuracy": [
      0.9705817446870318, 0.9715583071870318, 0.9720052086700828, 0.9722700391785574, 0.9727169406616082,
      0.97311418642432, 0.9732300497717776, 0.9734948802802522, 0.9739583336700828, 0.9742728198988962
    ],
    "test_accuracy": [
      0.95751953125, 0.9578010112047195, 0.9581916362047196, 0.9584099262952804, 0.9588005512952804, 0.9591911762952805,
      0.9591911762952805, 0.95966796875, 0.95986328125, 0.9597886025905609
    ]
  }
}
