{"0.2": {"train_loss": [2.246252346847017, 1.877849943557028, 1.5664663678508695, 1.368668332948523, 1.2611151266906222, 1.1518172909647733, 1.084154533127607, 1.0304489595405126, 0.9823498458175336, 0.9383806318549787], "test_loss": [2.0726378083229067, 1.708103483915329, 1.459181934595108, 1.3253440856933594, 1.218336084485054, 1.1159127056598663, 1.0477778762578964, 0.9974592089653015, 0.9504285991191864, 0.903128719329834], "train_accuracy": [0.145916092951419, 0.2459392656209105, 0.3558384094197871, 0.4540077685299566, 0.507663532838983, 0.571487685381356, 0.5975790079367362, 0.6189751059322034, 0.6401946504237288, 0.6587493379237288], "test_accuracy": [0.23710363060235978, 0.3122644767165184, 0.3870749086141586, 0.47790096551179884, 0.5458237588405609, 0.5808134198188781, 0.6133386939764023, 0.6332261025905609, 0.6540900737047195, 0.6724379599094391]}, "0.5": {"train_loss": [2.188220829276715, 1.6423904451273255, 1.4611995523258792, 1.2522756649275957, 1.1105382033323838, 1.039792342206179, 0.9987972535319247, 0.9696770153813443, 0.9436712502422979, 0.9134020386105877], "test_loss": [1.8278143882751465, 1.5659376859664917, 1.3504232585430145, 1.160260197520256, 1.0566584378480912, 1.0028806537389756, 0.9681131899356842, 0.9416587501764297, 0.9168595761060715, 0.8853075504302979], "train_accuracy": [0.1745398569915254, 0.3888429115384312, 0.4599333511570753, 0.5608834306062278, 0.6134467690677966, 0.6354277012711864, 0.6490775073988962, 0.6604486673565234, 0.6708322298728814, 0.6839578919491526], "test_accuracy": [0.30882352888584136, 0.3934800088405609, 0.5138097435235978, 0.594944852590561, 0.6271139711141587, 0.6430434286594391, 0.6550953596830368, 0.6659122258424759, 0.6797564327716827, 0.6973230689764023]}}