{"0.001": {"train_loss": [2.262948430190652, 1.7533221527681513, 1.2570510845063096, 1.1059451876050335, 1.0379387135222806, 0.9822428772004984, 0.9333999066029565, 0.8894250983909026, 0.8478970674134917, 0.80785841658964], "test_loss": [2.0640236735343933, 1.4143811821937562, 1.1503413259983062, 1.0734719067811966, 1.0155180126428605, 0.9598145842552185, 0.9083923846483231, 0.8633343398571014, 0.8240832209587097, 0.7882217139005661], "train_accuracy": [0.141033280451419, 0.3340505826271186, 0.5116525423728814, 0.5913830773305084, 0.6267213983050848, 0.6565148305084746, 0.680973031763303, 0.703125, 0.7233679819915254, 0.7407750709582184], "test_accuracy": [0.2159466914832592, 0.4605066642165184, 0.5671875, 0.6088924646377564, 0.6391084551811218, 0.6624540448188782, 0.6909122258424759, 0.7134248614311218, 0.7328125, 0.7493681073188782]}, "0.01": {"train_loss": [2.318333155017788, 2.3121989460314736, 2.3080367738917724, 2.305365736201658, 2.3037227493221475, 2.302720585111844, 2.3021384942329535, 2.301807397502964, 2.3016158544411094, 2.3015006053245672], "test_loss": [2.313745939731598, 2.309019672870636, 2.3058416843414307, 2.303914725780487, 2.3027297258377075, 2.3020301461219788, 2.3016324758529665, 2.3014060497283935, 2.3012727379798887, 2.3011907935142517], "train_accuracy": [0.09770590572033898, 0.09665210103079425, 0.09918454276808238, 0.09918454276808238, 0.09918454276808238, 0.09918454276808238, 0.09918454276808238, 0.1085308527542373, 0.11223847987288135, 0.11223847987288135], "test_accuracy": [0.09744370393455029, 0.10034466907382011, 0.10034466907382011, 0.10034466907382011, 0.10034466907382011, 0.10034466907382011, 0.10034466907382011, 0.11359719671308995, 0.11359719671308995, 0.11359719671308995]}}