{"Adam": {"train_loss": [1.3248035049034377, 0.5898876652374105, 0.43972683066533785, 0.3819956913337869, 0.3522605384557934, 0.3343671805272668, 0.32246072918681773, 0.31395556184194856, 0.30754791313813906, 0.3025147802496361, 0.2984262259077218, 0.29501266929052644, 0.29209788459337366, 0.28956261302454994, 0.2873236673363185, 0.2853214493242361, 0.28351220892647566, 0.28186308175830516, 0.2803488589696965, 0.27894984779216475, 0.2776504025115805, 0.27643788328110164, 0.2753019485685785, 0.2742340007828454, 0.27322685996354634, 0.27227442585310696, 0.2713714830451093, 0.27051353227284, 0.2696966499847881, 0.26891743467520857, 0.2681728600192878, 0.26746026464438033, 0.2667772699210603, 0.2661217554646023, 0.2654918182199284, 0.26488572371713187, 0.26430192627644133, 0.2637390160964707, 0.2631956876839622, 0.2626707892928083, 0.26216323200171276, 0.26167202570428283, 0.2611962666072078, 0.2607351122266155, 0.26028779862543283, 0.25985360372874694, 0.2594318509859554, 0.25902193412184715, 0.2586232734433675, 0.25823534014871563, 0.2578576299346099, 0.2574896636908337, 0.25713101989131865, 0.2567812881858672, 0.2564400717994924, 0.25610702112317085, 0.25578178560077136, 0.25546405287617346, 0.25515352107458195, 0.2548498955192202, 0.2545529212486946, 0.25426233534590675, 0.25397789958169903, 0.25369939170146394, 0.2534265849044767, 0.25315928099266555, 0.25289728524068655, 0.2526404190871675, 0.2523884901429637], "test_loss": [0.7347965687513351, 0.47316996604204176, 0.39154097735881804, 0.3535446643829346, 0.33249531015753747, 0.3195439279079437, 0.31096272319555285, 0.3049476698040962, 0.30053807869553567, 0.2971841163933277, 0.29455303624272344, 0.29243441224098204, 0.29069014489650724, 0.28922676481306553, 0.2879791732877493, 0.28690096028149126, 0.285958156734705, 0.28512552864849566, 0.28438383862376215, 0.28371824137866497, 0.28311712890863416, 0.2825712010264397, 0.28207299336791036, 0.2816163800656796, 0.2811963874846697, 0.2808087546378374, 0.2804499641060829, 0.280117005109787, 0.2798073120415211, 0.27951868288218973, 0.27924919575452806, 0.27899715267121794, 0.27876106351614, 0.2785396512597799, 0.2783317618072033, 0.27813636101782324, 0.2779525026679039, 0.2777793824672699, 0.27761625275015833, 0.27746243737638, 0.27731729969382285, 0.2771803006529808, 0.27705094702541827, 0.2769287463277578, 0.27681325674057006, 0.27670415081083777, 0.27660101652145386, 0.2765035297721624, 0.2764113985002041, 0.27632433399558065, 0.27624208815395834, 0.2761643920093775, 0.2760910153388977, 0.2760217759758234, 0.2759564757347107, 0.27589491941034794, 0.27583694607019427, 0.2757823746651411, 0.2757310874760151, 0.2756829347461462, 0.2756378028541803, 0.27559552267193793, 0.27555601596832274, 0.275519148632884, 0.275484873726964, 0.27545300535857675, 0.27542353719472884, 0.2753963343799114, 0.27537132017314436], "train_accuracy": [0.6953731906616082, 0.8582549878096176, 0.8831325036994482, 0.8944429735005912, 0.9003189004073708, 0.9052072298728814, 0.9079382944915254, 0.9104376324152542, 0.912109375, 0.913913532838983, 0.914989406779661, 0.9159990730932204, 0.916683218741821, 0.9175439178943634, 0.918525997864998, 0.919552216085337, 0.9202473961700828, 0.9210253357887268, 0.9214887891785574, 0.9218363792209302, 0.9224653516785574, 0.9228791493480488, 0.9234143273305084, 0.9236957097457628, 0.9241260593220338, 0.9244570974576272, 0.924606064618644, 0.924903998940678, 0.9252515889830508, 0.9254833156779662, 0.9257978019067796, 0.925830905720339, 0.925979872881356, 0.9261122881355932, 0.9261288400423728, 0.9263274629237288, 0.926608845338983, 0.926807468220339, 0.926956435381356, 0.9271936795469058, 0.9272929909875838, 0.927326094801143, 0.9276405810299566, 0.927723340563855, 0.9278226520045328, 0.9279054115384312, 0.9280212748858888, 0.9280874825130074, 0.9282695534875838, 0.9285233495599132, 0.9286061090938116, 0.9286723167209302, 0.9287881800683878, 0.9289040434158454, 0.9290530105768624, 0.92916887392432, 0.929417152526015, 0.9295330158734726, 0.9295826715938116, 0.9297150868480488, 0.9298475021022862, 0.9299137097294048, 0.9299633654497438, 0.9300626768904218, 0.9301123326107607, 0.930294403585337, 0.930344059305676, 0.9304102669327946, 0.9305426821870318], "test_accuracy": [0.8392578125, 0.8781709551811219, 0.8948988974094391, 0.9028090536594391, 0.9074391096830368, 0.9101734846830368, 0.9121266096830368, 0.9142750471830368, 0.9158260583877563, 0.9164005070924759, 0.9175723820924759, 0.9182444840669632, 0.9188304215669632, 0.9189280778169632, 0.9191233903169632, 0.9195255070924759, 0.9198184758424759, 0.9197208195924759, 0.9197208195924759, 0.9200137883424759, 0.9203067570924759, 0.9207950383424759, 0.9211856633424759, 0.9212833195924759, 0.9217601090669632, 0.9218577653169632, 0.9218577653169632, 0.9218577653169632, 0.9219554215669632, 0.9221392452716828, 0.9222369015216827, 0.9223345577716827, 0.9222369015216827, 0.9221392452716828, 0.9221392452716828, 0.9219439327716827, 0.9221277564764023, 0.9219324439764023, 0.9218347877264023, 0.9218347877264023, 0.9220301002264023, 0.9221277564764023, 0.9218347877264023, 0.9223115801811218, 0.9218347877264023, 0.9220301002264023, 0.9219324439764023, 0.9219324439764023, 0.9220301002264023, 0.9219324439764023, 0.9220301002264023, 0.9220301002264023, 0.9222254127264022, 0.9221277564764023, 0.9220301002264023, 0.9221277564764023, 0.9223230689764023, 0.9221277564764023, 0.9223230689764023, 0.9221277564764023, 0.9222254127264022, 0.9224207252264023, 0.9225183814764023, 0.9225183814764023, 0.9226160377264023, 0.9227136939764022, 0.9227136939764022, 0.9228113502264023, 0.9229090064764023]}}