{"SGD": {"train_loss": [2.31419318611339, 2.3140478194770164, 2.3139042167340294, 2.313762254634146, 2.3136219412593517, 2.3134833170195757, 2.3133462748285067, 2.31321085711657, 2.313076900223554, 2.3129445718506636], "test_loss": [2.3147973895072935, 2.314648115634918, 2.3145004153251647, 2.314354491233826, 2.31421035528183, 2.3140676856040954, 2.313926839828491, 2.3137875318527223, 2.313649666309357, 2.313513493537903], "train_accuracy": [0.10226871471031238, 0.10226871471031238, 0.10226871471031238, 0.10226871471031238, 0.10226871471031238, 0.10226871471031238, 0.10226871471031238, 0.10226871471031238, 0.10226871471031238, 0.10226871471031238], "test_accuracy": [0.10095932893455029, 0.10095932893455029, 0.10095932893455029, 0.10095932893455029, 0.10095932893455029, 0.10095932893455029, 0.10095932893455029, 0.10095932893455029, 0.10095932893455029, 0.10095932893455029]}, "Adam": {"train_loss": [2.2551016120587364, 1.5652807344824582, 1.2546566835904525, 1.1320287928742878, 1.0299502277778367, 0.9377418635255199, 0.8554579231698635, 0.790362564689022, 0.7384805113582288, 0.6965542930667683], "test_loss": [1.9811337351799012, 1.3064521253108978, 1.1973099678754806, 1.0635204195976258, 0.9655540227890015, 0.8704388946294784, 0.7904259711503983, 0.7288646936416626, 0.6823423624038696, 0.6452451169490814], "train_accuracy": [0.1615521276401261, 0.4245122706486007, 0.5656448622881356, 0.6194164904497438, 0.6593396896022862, 0.698970471398305, 0.7329073977672448, 0.756107653601695, 0.7726154221316516, 0.7848748675847458], "test_accuracy": [0.25105698555707934, 0.5259995400905609, 0.5675723806023598, 0.6219324439764022, 0.6621266096830368, 0.7112247258424759, 0.7469267010688782, 0.7692325383424758, 0.7864372700452804, 0.8017693012952805]}, "RMSprop": {"train_loss": [2.110080706871162, 1.80575771958141, 1.6092679510682315, 1.4858065015178616, 1.3667614328659188, 1.2479511004383281, 1.1435833083370985, 1.037056789559833, 0.9324063148538945, 0.842323698734833], "test_loss": [1.9064238607883452, 1.6680972099304199, 1.5301528513431548, 1.4166752696037292, 1.2910307943820953, 1.1920807659626007, 1.1157069653272629, 1.0310143142938615, 0.9897988766431809, 0.8859550207853317], "train_accuracy": [0.2150865113836224, 0.3257746292372881, 0.4024320270045329, 0.4486118469197871, 0.4901295465938115, 0.5562488967079228, 0.6224399719197872, 0.655880341085337, 0.6576238082627118, 0.713905808784194], "test_accuracy": [0.3308421418070793, 0.3693014711141586, 0.4245519295334816, 0.45010914504528043, 0.49743795990943906, 0.5854549646377564, 0.6294347435235977, 0.6318474262952805, 0.6248851090669632, 0.7134420961141587]}}